Email,Password,First_Name,Last_Name,Phone_Number,Address,Gender,DOB,Country,User_name,Date,Time
,,,,12345678,,MALE,01jan1980,India,,11-05-2022,10:13:42
adfu@html.com,@Ditya12,gfdakalag,af,789067,fergggeg,MALE,01jan1980,India,a1b2,25-04-2022,12:09:53
adfu@htzdgfml.come,adsfse!1sA,dfasfsdff,fwef4fw,12345678890999,wetew,MALE,01jan1980,India,sgfvaaga,18-05-2022,10:23:16
adi@df.com,1234,aswe,sed,123231,231,MALE,22mar2007,dfgvb,asder,21-04-2022,12:23:19
aditya@gmail.coms,aas!@12A,adf,adda,2134565431,asd,MALE,01jan1980,India,aditya243,22-04-2022,11:32:22
adu@html.com,@Ditya12,vic,af,789067,fergggegnull,MALE,,AD,a1b,25-04-2022,12:12:29
aqwedi@df.com,asdf!1As,dfasfsdf,af,123456789877,fergggeg,MALE,01jan1980,India,dc123,18-05-2022,10:28:21
asd@df.ko,@123Asdf,rgrffrwv,wwgrg,993149161,erwf,MALE,01jan1980,India,we23,25-04-2022,12:22:51
asd@df.vo,asdfg,aditya,chaudhary,54223456,dfg,MALE,2022-05-27,IT,afad,21-04-2022,15:47:21
au@html.com,@Ditya12,gfdakalag,af,789067,fergggegnull,MALE,01jan1980,India,a1,25-04-2022,12:14:01
awfcgvbfsdTdi@df.com,123swsA@,acd,as,1234567890123,facrf,MALE,01jan1980,India,efwfwf,18-05-2022,10:20:53
awfcgvbTdi@df.com,aassdd,dfasfsdf,bnb,12345673,vbnm,MALE,01jan1980,fvgbnm,asdfgdfgvgbn,21-04-2022,12:15:10
fhgdaf@gmai.com,qasdw,dfagag,asdf,543211234,dfbbafg,MALE,17june1997,xdcvbn,qwsad,21-04-2022,12:27:00
fsedf,vzva,asg,dsa,543221233,ehta,MALE,18oct2008,dgbfv,fagdv,21-04-2022,15:18:00
wqsa@gmail.com,A123asd@,Aditya,asd,99809889,werv,MALE,01jan1980,India,xds,17-05-2022,15:44:48
